Loan_ID,Gender,Married,Dependents,Self_Employed,LoanAmount,Loan_Amount_Term,Credit_History,Education,ApplicantIncome,CoapplicantIncome,Property_Area,Loan_Status
LP001000,Male,Yes,0,No,117421557.0,360.0,1.0,Graduate,11309506,1944010,Semiurban,Y
LP001001,Male,Yes,0,No,191112386.0,60.0,0.0,Not Graduate,231759,776875,Semiurban,N
LP001002,Male,Yes,0,No,112615792.0,12.0,0.0,Not Graduate,2319431,0,Urban,N
LP001003,Male,Yes,0,,334730183.0,180.0,0.0,Not Graduate,8042559,1376154,Rural,N
LP001004,Male,No,1,No,51835711.0,60.0,1.0,Graduate,4264185,467363,Rural,Y
LP001005,Male,No,0,No,219023987.0,360.0,0.0,Graduate,7671850,6883674,Rural,N
LP001006,Male,No,1,No,418462580.0,12.0,1.0,Not Graduate,3977509,0,Semiurban,N
LP001007,Male,Yes,1,No,283127887.0,120.0,1.0,Graduate,3271134,0,Semiurban,N
LP001008,Male,Yes,0,No,172205176.0,60.0,1.0,Graduate,4795302,1364950,Semiurban,N
LP001009,Male,Yes,0,,183794194.0,60.0,1.0,Graduate,1955613,1637034,Urban,N
LP001010,Female,Yes,1,No,177194894.0,36.0,1.0,Graduate,14787534,2253710,Urban,Y
LP001011,Male,No,2,No,100656133.0,60.0,1.0,Graduate,5703264,0,Rural,N
LP001012,Male,No,0,Yes,100129291.0,120.0,1.0,Graduate,9440021,1010398,Urban,Y
LP001013,Female,Yes,1,No,259342673.0,12.0,1.0,Not Graduate,1812205,1054442,Rural,Y
LP001014,Male,Yes,2,No,115568470.0,120.0,0.0,Graduate,5847791,0,Semiurban,N
LP001015,Male,Yes,1,No,233115497.0,24.0,1.0,Not Graduate,4204846,0,Urban,N
LP001016,Male,No,0,Yes,256372336.0,36.0,,Graduate,4283831,6358753,Semiurban,N
LP001017,Male,Yes,0,No,83353013.0,12.0,1.0,Not Graduate,7039022,2802447,Semiurban,Y
LP001018,Male,Yes,0,No,69896945.0,24.0,1.0,Not Graduate,7340978,1824752,Semiurban,Y
LP001019,Male,Yes,1,No,98419107.0,120.0,1.0,Graduate,3860014,115432,Rural,N
LP001020,Male,Yes,2,No,267669096.0,360.0,0.0,Graduate,4618979,0,Urban,N
LP001021,Female,No,1,No,74078001.0,360.0,1.0,Graduate,5576997,0,Rural,Y
LP001022,Male,Yes,2,No,87070890.0,180.0,1.0,Graduate,1827553,824758,Rural,N
LP001023,Male,Yes,0,No,162488579.0,12.0,1.0,Graduate,3754604,0,Urban,N
LP001024,Male,Yes,2,No,134532593.0,12.0,1.0,Graduate,2851109,0,Semiurban,N
LP001025,Male,No,0,No,296155159.0,360.0,1.0,Not Graduate,4935141,1815563,Urban,N
LP001026,Male,Yes,2,No,184455904.0,12.0,1.0,Graduate,815597,0,Urban,N
LP001027,Female,Yes,0,No,145157822.0,24.0,1.0,Graduate,5301210,0,Urban,N
LP001028,Female,No,0,No,129655242.0,24.0,0.0,Graduate,1793315,0,Semiurban,N
LP001029,Male,Yes,0,No,183506664.0,36.0,1.0,Graduate,7703491,3395709,Rural,N
LP001030,Male,Yes,1,Yes,213702552.0,24.0,1.0,Not Graduate,2838498,0,Semiurban,Y
LP001031,Male,Yes,2,No,164936666.0,12.0,1.0,Graduate,5552427,1414077,Rural,N
LP001032,Male,Yes,3+,Yes,375903100.0,36.0,,Not Graduate,4261258,2888223,Urban,N
LP001033,Male,No,0,No,150984628.0,180.0,1.0,Graduate,2651439,9706500,Semiurban,Y
LP001034,Male,Yes,3+,No,509052693.0,60.0,1.0,Not Graduate,4659563,0,Urban,N
LP001035,Male,Yes,0,No,,12.0,1.0,Graduate,8917776,1528586,Urban,N
LP001036,Male,Yes,0,No,60785429.0,120.0,,Graduate,5140407,3807234,Urban,N
LP001037,Male,No,3+,No,92092075.0,120.0,,Graduate,3041437,3215857,Urban,N
LP001038,Male,Yes,0,No,147312635.0,180.0,1.0,Graduate,13552565,4536802,Rural,Y
LP001039,Male,Yes,1,No,,36.0,1.0,Graduate,5051408,2817331,Semiurban,N
LP001040,Male,No,2,No,374384110.0,36.0,1.0,Not Graduate,7550812,0,Semiurban,N
LP001041,Male,Yes,0,Yes,229905002.0,120.0,1.0,Not Graduate,6223935,0,Urban,N
LP001042,Male,No,2,No,51329223.0,60.0,,Graduate,4949678,0,Semiurban,Y
LP001043,Male,Yes,1,No,61284716.0,60.0,1.0,Graduate,2644587,917637,Semiurban,N
LP001044,Male,Yes,3+,No,158441436.0,360.0,1.0,Not Graduate,3618368,794002,Semiurban,N
LP001045,Male,Yes,3+,Yes,188443240.0,180.0,1.0,Graduate,11657115,1627643,Rural,Y
LP001046,Male,Yes,1,No,191933165.0,24.0,1.0,Graduate,4066300,11061418,Urban,Y
LP001047,Female,Yes,0,Yes,394418576.0,60.0,1.0,Graduate,9609200,1174906,Urban,N
LP001048,Male,Yes,0,No,278304752.0,60.0,1.0,Not Graduate,5487477,0,Rural,Y
LP001049,Male,Yes,0,No,118381917.0,36.0,1.0,Graduate,3862158,2135182,Urban,N
LP001050,Female,No,,Yes,175522075.0,360.0,1.0,Not Graduate,1376574,2582909,Semiurban,N
LP001051,Male,No,0,No,166594344.0,12.0,1.0,Graduate,5298762,0,Urban,N
LP001052,Male,No,2,No,51172896.0,120.0,1.0,Graduate,9519992,0,Semiurban,Y
LP001053,Male,Yes,0,Yes,292348137.0,360.0,,Graduate,2335415,0,Urban,N
LP001054,Male,Yes,0,No,161228841.0,180.0,1.0,Graduate,1911063,0,Semiurban,N
LP001055,Male,Yes,0,No,258945331.0,60.0,1.0,Graduate,3607231,2899435,Semiurban,N
LP001056,Male,Yes,1,No,72039539.0,,1.0,Graduate,6576274,0,Rural,Y
LP001057,Male,No,2,,170961628.0,12.0,0.0,Not Graduate,4300842,1219345,Semiurban,N
LP001058,Male,No,0,,80158102.0,360.0,,Not Graduate,10056439,802049,Semiurban,Y
LP001059,Male,Yes,0,No,153086667.0,60.0,0.0,Graduate,2732864,1057723,Urban,N
LP001060,Male,Yes,1,Yes,97320208.0,180.0,0.0,Graduate,4986569,0,Semiurban,N
LP001061,Male,Yes,0,Yes,144336270.0,36.0,,Not Graduate,5569910,0,Semiurban,N
LP001062,Male,Yes,1,No,231266283.0,60.0,1.0,Graduate,2229774,0,Semiurban,N
LP001063,Male,Yes,,No,113749937.0,180.0,1.0,Not Graduate,5484546,1932036,Urban,Y
LP001064,Male,Yes,0,No,288833213.0,180.0,1.0,Graduate,2921641,5367474,Urban,Y
LP001065,Male,Yes,1,No,261940607.0,12.0,1.0,Graduate,1206862,1726475,Urban,N
LP001066,Male,No,0,No,146499544.0,12.0,1.0,Graduate,4346465,1458182,Urban,N
LP001067,Male,Yes,1,No,75151253.0,36.0,1.0,Graduate,3449387,0,Urban,Y
LP001068,Male,Yes,0,No,198235784.0,360.0,1.0,Graduate,15264008,0,Semiurban,Y
LP001069,Male,Yes,1,No,303627854.0,60.0,1.0,Graduate,8401773,988946,Semiurban,N
LP001070,Male,No,3+,No,246308885.0,12.0,1.0,Not Graduate,3686225,0,Urban,N
LP001071,Male,Yes,3+,No,361484082.0,36.0,1.0,Graduate,11867765,0,Rural,N
LP001072,Female,Yes,2,No,97168937.0,12.0,0.0,Graduate,4609346,0,Rural,N
LP001073,Male,No,0,No,232150101.0,180.0,1.0,Graduate,6848137,0,Urban,N
LP001074,Male,No,0,No,273545556.0,120.0,1.0,Graduate,3074744,900335,Urban,N
LP001075,Female,Yes,3+,No,353886371.0,60.0,1.0,Graduate,3465569,2531391,Semiurban,N
LP001076,Male,Yes,3+,Yes,94455351.0,120.0,1.0,Graduate,5827317,0,Semiurban,N
LP001077,Male,Yes,0,No,621561740.0,24.0,1.0,Graduate,840385,2397870,Rural,N
LP001078,Male,Yes,2,No,108617425.0,36.0,1.0,Graduate,1394098,0,Semiurban,N
LP001079,Male,Yes,0,No,15021004.0,24.0,1.0,Graduate,2215360,0,Urban,Y
LP001080,Male,Yes,2,No,265502072.0,60.0,1.0,Graduate,7605703,2702885,Semiurban,N
LP001081,Male,Yes,0,No,145529151.0,60.0,1.0,Graduate,4906027,3873602,Rural,N
LP001082,Male,Yes,1,No,239384573.0,12.0,1.0,Graduate,3840737,0,Semiurban,N
LP001083,Male,Yes,0,No,113901383.0,12.0,1.0,Graduate,5965454,2912459,Urban,Y
LP001084,Male,No,1,No,123046570.0,360.0,1.0,Graduate,3031216,0,Semiurban,N
LP001085,Male,Yes,0,Yes,420979220.0,360.0,0.0,Graduate,2489085,2262208,Urban,N
LP001086,Male,Yes,0,No,119462961.0,360.0,1.0,Not Graduate,8128680,0,Rural,Y
LP001087,Male,Yes,0,Yes,258646327.0,24.0,1.0,Graduate,5136962,1362256,Urban,N
LP001088,Male,No,0,No,216139291.0,36.0,1.0,Not Graduate,6215012,0,Urban,N
LP001089,Male,Yes,0,No,347387877.0,,1.0,Graduate,3409252,6065484,Urban,N
LP001090,Male,No,0,No,164290298.0,180.0,1.0,Not Graduate,263923,1676764,Semiurban,N
LP001091,Female,Yes,0,Yes,354204068.0,12.0,0.0,Graduate,6347993,1220375,Semiurban,N
LP001092,Male,Yes,3+,Yes,190867810.0,360.0,1.0,Graduate,4028036,0,Rural,Y
LP001093,Female,No,0,No,108380089.0,,1.0,Not Graduate,7117992,0,Semiurban,Y
LP001094,Male,Yes,0,No,132256769.0,60.0,1.0,Graduate,6396957,0,Semiurban,N
LP001095,Male,Yes,,No,209064981.0,36.0,,Graduate,11075174,2625614,Rural,N
LP001096,Male,Yes,0,No,66847231.0,360.0,1.0,Graduate,12805120,3362222,Semiurban,Y
LP001097,Male,Yes,3+,Yes,140460804.0,12.0,1.0,Not Graduate,4480073,4692671,Urban,N
LP001098,Male,Yes,0,No,86709944.0,180.0,1.0,Graduate,6151943,3484074,Rural,Y
LP001099,Male,No,1,No,52484145.0,360.0,1.0,Not Graduate,4355870,4814702,Urban,N
LP001100,Male,No,1,No,28677912.0,36.0,1.0,Graduate,7067476,4380019,Urban,Y
LP001101,Female,Yes,0,No,23985267.0,180.0,1.0,Graduate,1717514,0,Urban,N
LP001102,Male,No,2,No,297720588.0,360.0,1.0,Graduate,8640752,1679541,Semiurban,N
LP001103,Male,Yes,1,No,116021884.0,60.0,,Graduate,2402145,0,Semiurban,Y
LP001104,Male,No,0,Yes,94794125.0,24.0,1.0,Graduate,1629570,0,Semiurban,N
LP001105,Male,No,0,No,52224395.0,360.0,1.0,Not Graduate,3416799,296945,Rural,N
LP001106,Female,Yes,1,No,582302973.0,36.0,0.0,Graduate,4043677,1167652,Urban,N
LP001107,Male,No,0,No,296352867.0,36.0,0.0,Not Graduate,7173908,3183856,Semiurban,N
LP001108,Male,Yes,1,No,266329107.0,12.0,1.0,Graduate,6563690,0,Urban,N
LP001109,Male,Yes,2,No,178244455.0,36.0,1.0,Graduate,1172103,0,Semiurban,N
LP001110,Female,Yes,2,No,82213900.0,60.0,1.0,Graduate,7709843,5213214,Semiurban,Y
LP001111,Male,Yes,0,No,102216125.0,12.0,1.0,Graduate,12300233,0,Semiurban,Y
LP001112,Male,Yes,2,No,127849808.0,360.0,1.0,Graduate,4424455,0,Semiurban,N
LP001113,Female,Yes,3+,No,253706481.0,60.0,1.0,Graduate,7727842,2113938,Semiurban,N
LP001114,Male,No,0,No,76593740.0,60.0,0.0,Graduate,3949671,0,Rural,N
LP001115,Male,No,,No,162165451.0,120.0,1.0,Graduate,3168731,0,Rural,N
LP001116,Female,Yes,0,No,46613377.0,120.0,1.0,Not Graduate,1403006,1268841,Urban,Y
LP001117,Male,Yes,3+,No,157078278.0,120.0,1.0,Not Graduate,14038762,841190,Semiurban,Y
LP001118,Male,Yes,0,,141881536.0,120.0,1.0,Graduate,3154598,1943490,Semiurban,N
LP001119,Male,Yes,0,No,221047329.0,360.0,0.0,Not Graduate,3809348,3681616,Semiurban,N
LP001120,Male,Yes,2,No,179937566.0,60.0,1.0,Not Graduate,8247471,0,Rural,N
LP001121,Male,No,0,No,325974449.0,360.0,1.0,Not Graduate,2477261,647885,Rural,N
LP001122,Male,No,0,No,193718017.0,360.0,1.0,Graduate,5904490,874345,Urban,N
LP001123,Male,Yes,0,No,152298956.0,180.0,1.0,Not Graduate,2723241,0,Semiurban,N
LP001124,Male,No,0,No,113729282.0,36.0,1.0,Not Graduate,12548076,2597009,Urban,Y
LP001125,Male,No,3+,No,135282469.0,60.0,1.0,Not Graduate,5648055,0,Semiurban,N
LP001126,Male,Yes,2,No,266924442.0,60.0,1.0,Graduate,2232213,0,Urban,N
LP001127,Female,Yes,0,No,44067715.0,120.0,1.0,Graduate,6324089,4882704,Urban,Y
LP001128,Male,Yes,1,No,95864696.0,360.0,0.0,Graduate,3249199,1163837,Rural,N
LP001129,Male,Yes,0,No,247347425.0,360.0,1.0,Graduate,6976049,5444849,Urban,N
LP001130,Male,Yes,1,No,214774779.0,360.0,1.0,Graduate,4898177,2708624,Urban,N
LP001131,Male,Yes,0,Yes,410741218.0,60.0,0.0,Not Graduate,4931380,2096195,Urban,N
LP001132,Male,No,0,No,434469873.0,120.0,1.0,Graduate,7432670,0,Urban,N
LP001133,Female,No,0,No,,120.0,1.0,Graduate,3888431,853790,Semiurban,N
LP001134,Male,No,0,No,135949122.0,120.0,1.0,Graduate,3117210,0,Rural,N
LP001135,Male,Yes,1,No,53732291.0,60.0,1.0,Not Graduate,1502039,0,Semiurban,N
LP001136,Male,Yes,0,No,103173693.0,36.0,,Graduate,1506414,362560,Semiurban,N
LP001137,Male,Yes,0,No,159410347.0,60.0,1.0,Graduate,10475041,0,Rural,N
LP001138,,Yes,2,No,229324542.0,180.0,1.0,Graduate,3075037,1115945,Urban,N
LP001139,Male,No,1,No,162857386.0,360.0,1.0,Not Graduate,9331696,1854800,Semiurban,Y
LP001140,Male,Yes,1,No,138574521.0,120.0,1.0,Graduate,2476424,1205163,Rural,N
LP001141,Male,Yes,0,No,176787185.0,60.0,1.0,Graduate,6852674,2938938,Rural,N
LP001142,Male,Yes,1,No,330349008.0,36.0,1.0,Graduate,6505669,1358839,Rural,Y
LP001143,Male,Yes,0,Yes,102037146.0,180.0,,Not Graduate,5445168,0,Urban,N
LP001144,Male,Yes,0,Yes,230854231.0,24.0,1.0,Graduate,4128295,4191340,Rural,N
LP001145,Male,Yes,0,No,192560444.0,360.0,1.0,Graduate,12671835,0,Rural,N
LP001146,Male,No,3+,No,226562146.0,360.0,0.0,Graduate,6991153,5194449,Urban,N
LP001147,Male,Yes,0,No,58651235.0,36.0,1.0,Graduate,4895876,1737243,Rural,Y
LP001148,Male,No,0,No,242109368.0,120.0,1.0,Graduate,6967168,0,Semiurban,N
LP001149,Male,Yes,3+,Yes,347759467.0,12.0,1.0,Graduate,4608154,938815,Semiurban,N
LP001150,Female,Yes,1,No,39806000.0,24.0,0.0,Graduate,9600893,0,Urban,N
LP001151,Male,Yes,0,No,52453784.0,12.0,1.0,Graduate,1426059,3630410,Semiurban,N
LP001152,Male,Yes,0,No,165063644.0,180.0,1.0,Graduate,3190538,1294839,Urban,N
LP001153,Female,Yes,1,Yes,53456917.0,24.0,1.0,Not Graduate,9778830,0,Semiurban,Y
LP001154,Male,No,0,Yes,177790613.0,120.0,1.0,Graduate,2276399,0,Urban,N
LP001155,,Yes,0,Yes,280461711.0,360.0,0.0,Graduate,575936,5028198,Semiurban,N
LP001156,Male,No,1,No,76774140.0,36.0,1.0,Graduate,1789806,1647743,Rural,N
LP001157,Male,Yes,3+,No,113287077.0,12.0,1.0,Not Graduate,1962671,624568,Semiurban,N
LP001158,Male,Yes,0,No,84888530.0,180.0,1.0,Not Graduate,1584912,2130293,Urban,N
LP001159,Male,Yes,3+,Yes,257443983.0,12.0,1.0,Graduate,3125946,0,Semiurban,N
LP001160,Male,Yes,0,No,75164230.0,180.0,1.0,Graduate,1596814,0,Urban,N
LP001161,Male,No,0,No,101331354.0,180.0,1.0,Not Graduate,3674405,0,Semiurban,N
LP001162,Male,Yes,1,No,103629209.0,180.0,1.0,Graduate,1280564,2555970,Semiurban,Y
LP001163,Male,Yes,2,Yes,154260028.0,120.0,1.0,Graduate,4893526,875868,Urban,N
LP001164,Male,Yes,2,No,176920415.0,120.0,1.0,Graduate,8701812,818290,Urban,N
LP001165,Male,Yes,0,Yes,182134487.0,180.0,1.0,Not Graduate,1630203,2360222,Rural,N
LP001166,Male,No,0,No,193703029.0,12.0,1.0,Graduate,6274640,2474808,Urban,N
LP001167,Female,Yes,0,No,278602046.0,12.0,0.0,Graduate,3855064,1738645,Rural,N
LP001168,Male,Yes,0,No,314792306.0,36.0,1.0,Graduate,3024622,1550081,Rural,N
LP001169,Male,Yes,0,No,90613483.0,24.0,0.0,Not Graduate,3949382,644523,Rural,Y
LP001170,Male,No,2,No,282156656.0,24.0,1.0,Graduate,1097560,0,Semiurban,N
LP001171,Male,Yes,0,No,301947443.0,60.0,1.0,Graduate,3193790,817404,Urban,N
LP001172,Male,No,3+,No,454202133.0,120.0,1.0,Not Graduate,954260,0,Rural,N
LP001173,Male,No,0,No,149579112.0,24.0,1.0,Graduate,7513807,372605,Semiurban,N
LP001174,Male,No,2,No,461573588.0,120.0,1.0,Graduate,2491512,3122245,Semiurban,N
LP001175,Female,No,0,No,271884480.0,24.0,1.0,Not Graduate,4101441,1228416,Urban,N
LP001176,Male,Yes,0,No,91003198.0,180.0,1.0,Graduate,4347110,3774781,Rural,Y
LP001177,Male,Yes,0,,100747183.0,24.0,0.0,Graduate,8125042,3329484,Urban,N
LP001178,Male,No,0,No,232475018.0,36.0,1.0,Graduate,10538424,901303,Semiurban,N
LP001179,Male,Yes,0,,155562660.0,180.0,1.0,Graduate,3174664,0,Rural,N
LP001180,Male,Yes,0,,79656714.0,12.0,1.0,Graduate,715369,2279779,Urban,N
LP001181,Male,Yes,0,No,98535461.0,120.0,1.0,Graduate,2134673,219312,Urban,N
LP001182,Male,Yes,2,No,454629234.0,120.0,1.0,Not Graduate,1046165,4166850,Urban,N
LP001183,Female,No,0,No,75318688.0,120.0,1.0,Graduate,1460469,3297464,Urban,N
LP001184,Female,Yes,0,Yes,230872230.0,180.0,1.0,Not Graduate,2873524,2194111,Urban,N
LP001185,Male,Yes,2,No,27626266.0,60.0,1.0,Graduate,5957766,4336916,Rural,Y
LP001186,Male,Yes,0,Yes,190599129.0,360.0,1.0,Graduate,3235365,0,Rural,N
LP001187,Male,Yes,0,No,116048537.0,12.0,1.0,Not Graduate,3934559,406046,Semiurban,N
LP001188,Female,No,0,Yes,149640838.0,36.0,1.0,Not Graduate,4476200,1148527,Urban,N
LP001189,Male,Yes,0,No,229037671.0,180.0,1.0,Graduate,4688048,1996858,Urban,N
LP001190,Male,Yes,1,No,95014434.0,360.0,0.0,Graduate,3634619,0,Rural,N
LP001191,Male,Yes,1,No,85219290.0,60.0,1.0,Graduate,9045373,727415,Rural,Y
LP001192,Male,Yes,0,Yes,183375861.0,60.0,0.0,Graduate,6404004,0,Semiurban,N
LP001193,Male,Yes,0,No,205276142.0,180.0,1.0,Graduate,5355053,0,Rural,N
LP001194,Female,No,0,No,357424837.0,120.0,1.0,Graduate,2749799,0,Rural,N
LP001195,Male,Yes,0,No,55100632.0,60.0,1.0,Graduate,5276803,0,Urban,Y
LP001196,Male,No,0,No,247422626.0,60.0,1.0,Graduate,8435737,319514,Urban,N
LP001197,,No,2,,111098045.0,360.0,0.0,Not Graduate,5538806,5140945,Rural,N
LP001198,Male,No,0,No,132001257.0,60.0,,Graduate,4777924,0,Urban,N
LP001199,Female,No,0,No,111005826.0,180.0,1.0,Not Graduate,2831677,1315249,Urban,N
LP001200,Male,Yes,0,Yes,224731850.0,120.0,0.0,Graduate,2045700,0,Urban,N
LP001201,Male,No,0,No,96457611.0,24.0,,Graduate,3293867,248283,Urban,Y
LP001202,Male,Yes,0,Yes,160193307.0,12.0,1.0,Graduate,2472520,0,Urban,N
LP001203,Male,No,0,No,390265872.0,36.0,1.0,Graduate,1619174,4450471,Rural,N
LP001204,Male,Yes,3+,,,12.0,1.0,Graduate,13789553,1803030,Urban,N
LP001205,Male,Yes,0,Yes,42540565.0,360.0,0.0,Graduate,4086756,1428251,Rural,N
LP001206,Female,Yes,0,No,135061982.0,180.0,,Graduate,2088643,0,Urban,N
LP001207,Male,No,0,No,84566090.0,120.0,1.0,Graduate,4167236,0,Rural,N
LP001208,Female,No,0,No,229877523.0,12.0,1.0,Graduate,1464266,1959690,Rural,N
LP001209,Male,Yes,,No,349470476.0,36.0,1.0,Graduate,4754912,1821903,Semiurban,N
LP001210,Male,Yes,3+,No,56680528.0,12.0,1.0,Not Graduate,767481,0,Semiurban,Y
LP001211,Male,No,1,No,206432946.0,24.0,1.0,Graduate,10222302,973258,Urban,N
LP001212,Male,No,0,No,215993075.0,36.0,1.0,Not Graduate,3216830,1884784,Rural,Y
LP001213,Female,Yes,2,No,298366316.0,24.0,0.0,Graduate,4501629,2958090,Urban,N
LP001214,Male,Yes,0,No,86295602.0,24.0,1.0,Graduate,3723282,0,Semiurban,N
LP001215,Male,No,0,No,205458508.0,24.0,0.0,Graduate,1521084,6836506,Urban,N
LP001216,Male,No,2,No,237314565.0,180.0,0.0,Graduate,5388301,1821609,Urban,N
LP001217,Male,No,3+,Yes,115600735.0,60.0,,Graduate,10685258,4279044,Rural,Y
LP001218,Male,No,0,Yes,114803022.0,180.0,1.0,Graduate,2600371,0,Semiurban,N
LP001219,Male,Yes,2,,104792699.0,12.0,1.0,Not Graduate,6627822,874270,Urban,N
LP001220,Male,No,0,No,,60.0,1.0,Graduate,6457154,332634,Urban,N
LP001221,Male,Yes,0,No,117971980.0,36.0,1.0,Not Graduate,5799955,728472,Urban,N
LP001222,Male,No,0,No,58432469.0,180.0,,Graduate,2820182,4411037,Rural,Y
LP001223,Male,Yes,0,,49698945.0,60.0,,Not Graduate,5617629,0,Rural,Y
LP001224,Male,Yes,2,No,115199414.0,360.0,,Graduate,2004425,1582216,Semiurban,N
LP001225,Male,Yes,0,No,203031873.0,120.0,1.0,Graduate,4328939,0,Rural,N
LP001226,Male,No,0,No,139525052.0,180.0,,Graduate,5573968,0,Rural,N
LP001227,Male,Yes,0,No,,12.0,1.0,Graduate,5324257,0,Urban,N
LP001228,Male,Yes,2,No,174738725.0,,1.0,Graduate,2337269,0,Rural,N
LP001229,Male,No,2,Yes,178542645.0,60.0,1.0,Graduate,3454621,0,Urban,N
LP001230,Male,No,3+,Yes,168787233.0,36.0,1.0,Graduate,1450659,305537,Rural,N
LP001231,Female,No,0,Yes,163974295.0,12.0,,Graduate,2364560,839881,Urban,N
LP001232,Male,Yes,0,No,187732340.0,24.0,1.0,Not Graduate,10553579,2030527,Semiurban,N
LP001233,Male,Yes,2,No,278299605.0,12.0,1.0,Graduate,6629194,0,Rural,N
LP001234,Male,Yes,2,,193694957.0,180.0,1.0,Graduate,8493464,323326,Rural,N
LP001235,Female,No,,No,177290374.0,36.0,,Graduate,13859410,0,Urban,Y
LP001236,Female,No,2,No,240590902.0,60.0,1.0,Graduate,6852758,0,Semiurban,N
LP001237,Female,Yes,0,No,193541656.0,360.0,1.0,Graduate,1249899,510890,Rural,N
LP001238,Male,Yes,0,No,445650689.0,24.0,,Not Graduate,4783653,0,Rural,N
LP001239,Male,Yes,0,No,132935038.0,12.0,1.0,Graduate,5349620,2547528,Rural,N
LP001240,Male,Yes,0,No,305468190.0,360.0,1.0,Graduate,3084324,2617651,Semiurban,N
LP001241,Female,Yes,0,No,188573312.0,12.0,,Graduate,6627465,0,Urban,Y
LP001242,Male,Yes,0,No,118424202.0,180.0,1.0,Graduate,3548557,0,Urban,N
LP001243,Male,Yes,0,No,165002434.0,24.0,1.0,Graduate,5007859,2430131,Urban,N
LP001244,,Yes,0,No,196239638.0,24.0,1.0,Graduate,3984211,411580,Semiurban,N
LP001245,Male,No,0,Yes,161890056.0,180.0,1.0,Not Graduate,4039205,0,Urban,N
LP001246,Male,No,0,No,125023874.0,120.0,0.0,Not Graduate,2458063,2661887,Rural,N
LP001247,Female,No,3+,No,107047114.0,12.0,1.0,Graduate,3098952,3121409,Semiurban,Y
LP001248,Male,Yes,0,No,61857837.0,12.0,,Not Graduate,3814246,1169073,Urban,Y
LP001249,Female,No,0,No,412486336.0,60.0,1.0,Graduate,10914906,4057865,Rural,Y
LP001250,Male,No,2,No,150860365.0,60.0,1.0,Graduate,8159720,0,Rural,N
LP001251,Male,No,0,No,95118053.0,120.0,1.0,Graduate,5290245,8469277,Rural,Y
LP001252,Male,Yes,0,Yes,159739915.0,120.0,1.0,Graduate,6444401,228643,Rural,N
LP001253,Male,Yes,0,No,95057224.0,60.0,1.0,Graduate,2805127,3304659,Rural,N
LP001254,Male,Yes,1,No,147620976.0,180.0,1.0,Graduate,7118437,0,Rural,N
LP001255,Male,Yes,2,No,224649142.0,360.0,0.0,Graduate,6186008,2267826,Semiurban,N
LP001256,Male,Yes,0,Yes,37242082.0,36.0,1.0,Graduate,1098348,2967009,Semiurban,Y
LP001257,Female,No,0,No,116962500.0,12.0,0.0,Graduate,6705352,0,Rural,N
LP001258,Male,Yes,0,No,41865311.0,24.0,1.0,Graduate,2989659,14372,Semiurban,N
LP001259,Male,Yes,1,No,65048971.0,24.0,1.0,Graduate,5013682,731741,Semiurban,Y
LP001260,Female,No,0,Yes,149984407.0,120.0,,Graduate,3208660,2196962,Urban,N
LP001261,Male,No,1,No,269135313.0,180.0,1.0,Graduate,2235342,0,Rural,N
LP001262,Male,No,,Yes,340051849.0,12.0,1.0,Graduate,1445550,2723182,Semiurban,N
LP001263,Female,Yes,1,No,,12.0,1.0,Graduate,3440565,3042861,Urban,N
LP001264,Male,No,0,No,92551446.0,24.0,1.0,Not Graduate,1663190,0,Semiurban,N
LP001265,Male,No,1,No,258478637.0,360.0,1.0,Graduate,5970209,0,Rural,N
LP001266,Male,Yes,,No,77051620.0,60.0,1.0,Graduate,7639602,2397459,Rural,Y
LP001267,Female,Yes,2,No,236486244.0,60.0,1.0,Not Graduate,5946515,1678814,Semiurban,N
LP001268,Male,No,1,No,406023790.0,180.0,1.0,Graduate,5663129,3598776,Semiurban,N
LP001269,Male,Yes,0,No,261585309.0,180.0,1.0,Not Graduate,687919,157152,Semiurban,N
LP001270,Male,No,2,No,28072120.0,12.0,1.0,Graduate,3203951,744948,Rural,Y
LP001271,Male,No,0,No,118971341.0,60.0,1.0,Graduate,4715800,916519,Semiurban,N
LP001272,Male,Yes,0,No,141114912.0,60.0,1.0,Graduate,8637927,1450633,Semiurban,N
LP001273,Male,Yes,0,No,437630235.0,36.0,1.0,Graduate,1707611,896133,Rural,N
LP001274,Male,Yes,0,No,,120.0,1.0,Graduate,2990514,4959163,Semiurban,Y
LP001275,Male,No,0,No,38248774.0,24.0,1.0,Not Graduate,5371049,1409625,Semiurban,Y
LP001276,Female,No,1,No,275423454.0,360.0,0.0,Graduate,4568422,2823836,Semiurban,N
LP001277,Male,Yes,0,No,251557965.0,360.0,1.0,Not Graduate,3045364,0,Urban,Y
LP001278,Female,Yes,0,No,95261597.0,60.0,1.0,Graduate,11280872,933928,Rural,Y
LP001279,Male,No,0,,178597761.0,60.0,0.0,Graduate,1222771,1991114,Rural,N
LP001280,Male,No,0,No,123711408.0,24.0,1.0,Graduate,4000646,0,Semiurban,N
LP001281,Male,Yes,0,No,385737610.0,60.0,1.0,Graduate,2043934,460815,Rural,N
LP001282,Female,Yes,0,Yes,71497383.0,180.0,1.0,Graduate,794208,583961,Urban,N
LP001283,Male,Yes,0,No,179842724.0,180.0,1.0,Not Graduate,1491595,1959367,Urban,N
LP001284,Male,No,2,No,578040589.0,120.0,,Not Graduate,2743051,471388,Rural,N
LP001285,Male,Yes,2,Yes,114245127.0,12.0,1.0,Not Graduate,2168860,604758,Semiurban,N
LP001286,Male,Yes,0,No,56709316.0,120.0,1.0,Not Graduate,7241539,328825,Urban,Y
LP001287,Male,Yes,0,No,43620276.0,180.0,1.0,Graduate,475063,0,Rural,N
LP001288,Male,No,0,No,458695989.0,360.0,1.0,Graduate,9192850,0,Rural,N
LP001289,Male,Yes,3+,No,80490799.0,36.0,1.0,Graduate,6817923,3976912,Semiurban,Y
LP001290,Female,Yes,0,No,268555753.0,60.0,1.0,Graduate,6617176,4115812,Semiurban,N
LP001291,Male,No,0,No,161750861.0,36.0,1.0,Graduate,8861182,218466,Rural,N
LP001292,Male,Yes,1,No,233433461.0,120.0,1.0,Graduate,5543580,0,Rural,Y
LP001293,Male,No,0,No,76361931.0,24.0,1.0,Graduate,5955695,529564,Rural,Y
LP001294,Male,Yes,0,No,189343910.0,12.0,1.0,Graduate,4940275,0,Rural,N
LP001295,Male,Yes,0,No,127678789.0,180.0,1.0,Graduate,1267440,549286,Semiurban,N
LP001296,Female,No,2,No,279551089.0,36.0,1.0,Graduate,6569706,208814,Semiurban,N
LP001297,Male,Yes,0,No,189638565.0,360.0,1.0,Graduate,7775739,773059,Semiurban,Y
LP001298,Male,Yes,0,No,257148901.0,60.0,1.0,Graduate,2282725,0,Semiurban,N
LP001299,Male,Yes,2,,116785739.0,360.0,1.0,Graduate,6001775,1979320,Urban,N
LP001300,Male,No,0,No,128825558.0,120.0,1.0,Graduate,2922273,0,Semiurban,N
LP001301,Male,Yes,0,No,199067621.0,360.0,1.0,Not Graduate,1433261,3571391,Rural,Y
LP001302,Male,No,0,No,260746170.0,24.0,1.0,Graduate,2059734,0,Rural,N
LP001303,Male,Yes,1,Yes,180302363.0,120.0,1.0,Graduate,3611475,0,Semiurban,Y
LP001304,Male,No,1,No,189726178.0,120.0,1.0,Not Graduate,3592072,0,Urban,N
LP001305,Male,No,1,No,274337603.0,36.0,1.0,Graduate,1471163,0,Urban,N
LP001306,Male,No,0,No,297840105.0,24.0,1.0,Graduate,12199630,3586068,Urban,N
LP001307,Male,Yes,1,Yes,252102027.0,24.0,1.0,Graduate,4725989,1629465,Urban,N
LP001308,Male,Yes,0,No,265057378.0,60.0,1.0,Not Graduate,3681428,1014235,Urban,N
LP001309,Female,No,0,No,231733442.0,180.0,1.0,Graduate,12541164,0,Urban,N
LP001310,Female,No,2,No,98922428.0,24.0,1.0,Graduate,2685205,2368699,Semiurban,N
LP001311,Male,Yes,2,No,138374966.0,24.0,1.0,Graduate,3601866,486181,Urban,N
LP001312,Male,Yes,,No,81285539.0,12.0,1.0,Graduate,5244077,2167417,Semiurban,Y
LP001313,Male,No,0,No,94328976.0,36.0,1.0,Not Graduate,7829978,4268587,Urban,Y
LP001314,Female,No,,No,99485771.0,60.0,1.0,Graduate,3514521,0,Semiurban,N
LP001315,Male,Yes,3+,Yes,316866293.0,,1.0,Graduate,11105733,247234,Rural,Y
LP001316,Female,Yes,0,No,88518419.0,12.0,0.0,Graduate,2883759,1004942,Rural,N
LP001317,Male,No,0,No,143536946.0,24.0,0.0,Graduate,1457406,0,Semiurban,N
LP001318,Male,Yes,0,No,135304108.0,24.0,1.0,Graduate,880622,1112625,Urban,N
LP001319,Male,Yes,2,No,91260081.0,120.0,1.0,Graduate,4013847,3388885,Semiurban,Y
LP001320,Male,Yes,2,No,118153140.0,180.0,1.0,Graduate,3955264,2087208,Semiurban,N
LP001321,Male,Yes,3+,Yes,125227277.0,180.0,1.0,Graduate,6841108,0,Semiurban,N
LP001322,Male,No,3+,No,61579581.0,180.0,1.0,Not Graduate,3704800,365684,Urban,N
LP001323,Male,Yes,1,No,201038023.0,60.0,1.0,Graduate,2929547,1895947,Urban,N
LP001324,Male,No,0,No,310500432.0,,1.0,Graduate,10822570,83643,Semiurban,N
LP001325,Male,Yes,2,No,215817828.0,360.0,1.0,Graduate,4957090,0,Rural,N
LP001326,Female,Yes,1,No,195796072.0,60.0,1.0,Graduate,10472215,2798741,Urban,Y
LP001327,Male,Yes,0,No,150240599.0,120.0,1.0,Not Graduate,1521552,339799,Rural,N
LP001328,Male,No,0,No,117833719.0,12.0,0.0,Graduate,9557647,0,Semiurban,N
LP001329,Male,Yes,0,,31679670.0,24.0,1.0,Graduate,9643180,3200357,Semiurban,N
LP001330,Male,Yes,0,No,133577005.0,12.0,0.0,Not Graduate,6900532,2082717,Semiurban,N
LP001331,Male,Yes,2,No,143787744.0,12.0,1.0,Not Graduate,1352373,0,Semiurban,N
LP001332,Male,No,0,No,262247792.0,60.0,,Not Graduate,4434073,0,Urban,N
LP001333,Male,Yes,2,No,190508590.0,60.0,1.0,Graduate,4158347,0,Semiurban,N
LP001334,Male,No,2,No,267681770.0,24.0,1.0,Not Graduate,4971148,0,Rural,N
LP001335,Male,No,2,No,143347448.0,24.0,1.0,Graduate,4541302,883913,Semiurban,N
LP001336,Male,Yes,0,No,131490962.0,36.0,1.0,Graduate,3801102,0,Urban,N
LP001337,Male,No,2,No,176897358.0,120.0,,Graduate,2137247,2476297,Rural,N
LP001338,Male,Yes,0,Yes,129118708.0,24.0,1.0,Graduate,4961655,0,Semiurban,N
LP001339,Female,No,0,Yes,87496217.0,24.0,1.0,Graduate,4049105,739174,Rural,N
LP001340,Female,Yes,0,No,106687543.0,12.0,1.0,Not Graduate,7635025,0,Semiurban,N
LP001341,Male,Yes,2,No,199391843.0,60.0,1.0,Graduate,10154771,4395055,Urban,Y
LP001342,Female,No,2,No,211652885.0,120.0,1.0,Graduate,6632002,0,Rural,N
LP001343,Male,Yes,0,No,115275467.0,12.0,1.0,Graduate,9071473,970387,Semiurban,Y
LP001344,Male,Yes,0,No,215241936.0,24.0,1.0,Not Graduate,6017366,0,Urban,N
LP001345,Female,Yes,3+,No,233145103.0,120.0,1.0,Graduate,11546921,0,Urban,N
LP001346,Female,Yes,1,No,85560955.0,36.0,1.0,Graduate,2944041,0,Rural,N
LP001347,Male,Yes,0,No,87802388.0,24.0,1.0,Graduate,9500670,0,Rural,Y
LP001348,Male,Yes,3+,No,126250176.0,360.0,0.0,Graduate,5372374,0,Semiurban,N
LP001349,Male,Yes,2,No,161756112.0,12.0,1.0,Graduate,3323884,4720521,Urban,N
LP001350,Female,Yes,0,No,188839523.0,120.0,1.0,Not Graduate,2441755,635314,Urban,N
LP001351,Male,No,0,No,55335102.0,180.0,1.0,Graduate,8340009,3396788,Urban,Y
LP001352,Female,Yes,0,No,150012305.0,24.0,1.0,Graduate,969954,0,Rural,Y
LP001353,Male,No,0,No,721074784.0,60.0,1.0,Graduate,2137034,2407603,Semiurban,N
LP001354,Female,No,1,No,186373068.0,36.0,1.0,Not Graduate,6748206,4573966,Rural,N
LP001355,Male,No,0,,426198440.0,120.0,1.0,Graduate,3989048,0,Semiurban,Y
LP001356,Male,Yes,2,No,99335054.0,60.0,1.0,Graduate,1922643,1712582,Semiurban,Y
LP001357,Male,Yes,0,Yes,186677929.0,24.0,1.0,Graduate,6968052,0,Urban,N
LP001358,Female,Yes,2,No,215320424.0,12.0,0.0,Graduate,5746667,4293941,Rural,N
LP001359,Male,Yes,0,No,114077613.0,120.0,1.0,Graduate,1967896,0,Semiurban,N
LP001360,,Yes,1,No,217969558.0,60.0,1.0,Graduate,3629149,621956,Semiurban,N
LP001361,Male,Yes,0,Yes,256315810.0,180.0,1.0,Graduate,3219288,5312181,Semiurban,N
LP001362,Male,Yes,2,Yes,168664920.0,36.0,1.0,Graduate,3707311,0,Urban,N
LP001363,Male,No,0,No,174616338.0,120.0,1.0,Graduate,4117290,0,Semiurban,N
LP001364,Male,No,0,No,247601928.0,360.0,1.0,Graduate,5904524,0,Semiurban,N
LP001365,Male,Yes,2,No,208487258.0,120.0,1.0,Graduate,2661604,0,Urban,N
LP001366,Male,Yes,2,No,98069068.0,12.0,1.0,Not Graduate,3898812,906484,Rural,N
LP001367,Male,No,0,No,101991677.0,24.0,1.0,Graduate,5117952,0,Semiurban,Y
LP001368,Male,Yes,0,No,144764242.0,12.0,0.0,Graduate,1836346,0,Rural,N
LP001369,Female,Yes,0,No,81266870.0,180.0,0.0,Graduate,8256268,0,Rural,N
LP001370,Male,Yes,0,No,,36.0,1.0,Graduate,4514942,898971,Urban,N
LP001371,Male,Yes,0,No,113665376.0,180.0,1.0,Not Graduate,7066630,1820290,Semiurban,Y
LP001372,Female,Yes,0,No,166913048.0,36.0,1.0,Not Graduate,2083164,2157179,Urban,N
LP001373,Male,Yes,2,,160954581.0,60.0,1.0,Graduate,6593250,0,Rural,N
LP001374,Male,No,1,No,138527324.0,360.0,1.0,Not Graduate,7107429,0,Rural,N
LP001375,Male,Yes,1,,164641405.0,60.0,,Graduate,3125626,0,Rural,N
LP001376,Female,Yes,0,No,105513689.0,120.0,1.0,Graduate,411460,3361101,Rural,N
LP001377,Male,Yes,,No,257023272.0,12.0,,Graduate,2859213,1101279,Rural,N
LP001378,Male,Yes,1,Yes,170195788.0,120.0,,Not Graduate,2534636,964105,Urban,N
LP001379,Male,Yes,1,No,155255918.0,60.0,1.0,Graduate,10215633,0,Urban,Y
LP001380,Female,Yes,3+,No,174181360.0,120.0,1.0,Graduate,1819084,80029,Semiurban,N
LP001381,Male,No,0,No,97902318.0,180.0,1.0,Graduate,8488272,0,Urban,Y
LP001382,,Yes,0,Yes,178888004.0,36.0,1.0,Graduate,1562804,0,Urban,N
LP001383,Female,No,1,No,434608691.0,36.0,1.0,Graduate,2841643,4941380,Semiurban,N
LP001384,Male,No,0,No,256283058.0,24.0,1.0,Graduate,5569661,0,Semiurban,N
LP001385,Male,Yes,1,No,146419507.0,36.0,0.0,Not Graduate,7317918,0,Rural,N
LP001386,Male,No,3+,Yes,263876295.0,24.0,1.0,Graduate,10122379,820038,Urban,N
LP001387,Male,Yes,0,No,235951661.0,,1.0,Graduate,1301803,0,Urban,N
LP001388,Male,No,1,No,94684989.0,,0.0,Graduate,10216467,4894526,Rural,N
LP001389,Male,Yes,0,No,,360.0,1.0,Graduate,13399692,0,Rural,Y
LP001390,Male,No,0,Yes,123811348.0,12.0,1.0,Graduate,4540075,2642791,Urban,N
LP001391,Female,No,1,No,114777037.0,36.0,1.0,Graduate,10715725,617735,Semiurban,Y
LP001392,Male,No,0,No,150323199.0,36.0,1.0,Not Graduate,2207724,0,Urban,N
LP001393,Male,Yes,0,No,203395094.0,12.0,1.0,Graduate,2692982,0,Urban,Y
LP001394,Male,Yes,0,No,190459134.0,60.0,1.0,Graduate,1316703,526376,Urban,N
LP001395,Female,No,1,No,190659255.0,120.0,1.0,Not Graduate,7758799,0,Rural,N
LP001396,Male,No,2,No,150888524.0,,1.0,Graduate,4430812,188694,Urban,N
LP001397,Male,Yes,3+,Yes,100555220.0,180.0,1.0,Graduate,2629178,3803305,Semiurban,Y
LP001398,Male,Yes,0,No,110178524.0,120.0,,Graduate,687708,0,Semiurban,N
LP001399,Male,Yes,0,No,152089262.0,360.0,1.0,Graduate,7821721,0,Rural,N
LP001400,Male,Yes,1,No,151197046.0,360.0,1.0,Graduate,5059992,0,Semiurban,N
LP001401,Male,Yes,0,No,111038312.0,36.0,1.0,Graduate,4787001,1799650,Urban,N
LP001402,Male,Yes,0,No,126135659.0,120.0,1.0,Graduate,1105632,0,Rural,N
LP001403,,Yes,1,Yes,239785740.0,36.0,0.0,Not Graduate,9725328,3138028,Semiurban,N
LP001404,Female,No,0,No,272934771.0,60.0,1.0,Graduate,1334886,1207275,Urban,N
LP001405,Male,Yes,3+,Yes,189721273.0,24.0,1.0,Graduate,5605423,0,Semiurban,N
LP001406,Female,Yes,0,No,161502140.0,12.0,1.0,Not Graduate,3998297,1583863,Rural,N
LP001407,Male,Yes,0,Yes,157305414.0,120.0,1.0,Graduate,6658500,7830264,Semiurban,N
LP001408,Male,No,0,No,126971119.0,12.0,1.0,Not Graduate,8390406,1770829,Rural,Y
LP001409,Male,No,0,No,89458071.0,180.0,1.0,Graduate,2358884,633899,Semiurban,N
LP001410,Female,Yes,1,,210995592.0,360.0,1.0,Graduate,10368045,0,Semiurban,Y
LP001411,Female,No,3+,No,159904022.0,180.0,1.0,Graduate,3242722,0,Semiurban,N
LP001412,Male,Yes,0,Yes,344450492.0,36.0,1.0,Graduate,6217627,0,Urban,N
LP001413,Male,Yes,2,No,242595036.0,120.0,0.0,Graduate,5082991,1785020,Rural,Y
LP001414,Female,Yes,0,No,362855446.0,120.0,1.0,Not Graduate,3638959,0,Urban,N
LP001415,Male,Yes,2,No,31095105.0,36.0,1.0,Not Graduate,1877576,0,Semiurban,Y
LP001416,Male,Yes,1,No,132914370.0,180.0,1.0,Not Graduate,3689430,2371538,Rural,Y
LP001417,Male,Yes,1,No,62207649.0,120.0,1.0,Not Graduate,1261389,0,Urban,N
LP001418,Male,Yes,1,No,139666012.0,24.0,1.0,Graduate,8167885,0,Semiurban,Y
LP001419,Male,Yes,0,No,87468869.0,12.0,1.0,Graduate,4823036,1130260,Semiurban,Y
LP001420,Male,No,0,No,104448986.0,60.0,1.0,Not Graduate,5042041,5561611,Semiurban,Y
LP001421,Female,Yes,0,No,82383930.0,12.0,1.0,Graduate,10145606,0,Semiurban,Y
LP001422,Male,No,1,No,77547741.0,24.0,1.0,Graduate,1656005,0,Rural,N
LP001423,Male,No,2,No,174947311.0,12.0,1.0,Graduate,8212939,4353875,Semiurban,N
LP001424,Male,Yes,3+,No,100723328.0,180.0,1.0,Graduate,3381675,80482,Rural,N
LP001425,Male,Yes,1,No,332808080.0,60.0,0.0,Graduate,20454471,1149872,Rural,N
LP001426,Male,No,2,Yes,642485504.0,120.0,1.0,Graduate,5124019,0,Rural,N
LP001427,Female,Yes,2,No,121408606.0,24.0,1.0,Graduate,1830715,3227575,Urban,N
LP001428,Male,Yes,0,Yes,161878423.0,360.0,1.0,Not Graduate,2982497,4031496,Urban,N
LP001429,Female,Yes,0,No,216005834.0,12.0,1.0,Graduate,814888,978555,Semiurban,N
LP001430,Male,Yes,0,No,539772603.0,120.0,0.0,Graduate,12776732,3295872,Rural,N
LP001431,,Yes,,No,111798665.0,12.0,1.0,Graduate,2705792,0,Urban,N
LP001432,Male,No,0,No,87644072.0,120.0,1.0,Graduate,8488834,0,Semiurban,Y
LP001433,Male,No,0,,135551907.0,120.0,0.0,Graduate,2309040,524477,Urban,N
LP001434,Male,Yes,0,No,146566753.0,24.0,1.0,Not Graduate,5579556,0,Semiurban,N
LP001435,Female,Yes,2,No,215574585.0,36.0,,Graduate,3829726,0,Rural,N
LP001436,Male,Yes,1,No,78388704.0,360.0,1.0,Graduate,12402403,0,Semiurban,Y
LP001437,Male,Yes,2,No,117571323.0,120.0,1.0,Graduate,1952378,3277071,Urban,N
LP001438,Male,Yes,0,,111712697.0,60.0,1.0,Not Graduate,6921659,5609331,Urban,Y
LP001439,Female,Yes,2,No,56558338.0,36.0,1.0,Graduate,3204407,0,Semiurban,N
LP001440,,Yes,2,No,108222709.0,180.0,1.0,Not Graduate,8707436,0,Semiurban,Y
LP001441,Male,Yes,0,No,122612744.0,36.0,1.0,Not Graduate,4842681,0,Rural,N
LP001442,Male,Yes,1,Yes,117552679.0,,1.0,Graduate,1221080,1399687,Semiurban,N
LP001443,Male,No,1,No,164764558.0,12.0,1.0,Graduate,189946,0,Urban,Y
LP001444,Male,Yes,0,No,151969896.0,36.0,1.0,Graduate,3650386,1134796,Rural,N
LP001445,Male,Yes,3+,,114396006.0,12.0,1.0,Not Graduate,3327139,1259285,Semiurban,N
LP001446,Male,No,0,Yes,68315983.0,180.0,1.0,Graduate,4066236,0,Urban,N
LP001447,Male,No,3+,No,349412196.0,360.0,1.0,Graduate,12943384,586062,Semiurban,N
LP001448,,No,0,No,101245540.0,60.0,1.0,Graduate,3954858,0,Semiurban,N
LP001449,Male,Yes,0,Yes,176858947.0,36.0,,Graduate,1545316,2071376,Semiurban,N
LP001450,Male,Yes,,No,278520647.0,36.0,0.0,Not Graduate,13290934,0,Urban,N
LP001451,Female,Yes,2,No,89209856.0,12.0,1.0,Not Graduate,1042056,0,Rural,N
LP001452,Male,Yes,0,No,65087894.0,60.0,1.0,Graduate,9219767,0,Semiurban,N
LP001453,Male,No,0,No,58496744.0,120.0,1.0,Graduate,6764339,2685688,Urban,Y
LP001454,Female,No,0,No,200035082.0,360.0,1.0,Graduate,6222687,4776043,Rural,N
LP001455,Male,No,0,No,62862331.0,36.0,1.0,Graduate,2116799,0,Urban,N
LP001456,,Yes,3+,No,326312823.0,60.0,1.0,Not Graduate,3596368,0,Semiurban,N
LP001457,Male,Yes,1,No,171375949.0,,0.0,Graduate,4409631,0,Urban,N
LP001458,Male,Yes,0,No,224493799.0,60.0,1.0,Graduate,12734063,3681753,Urban,Y
LP001459,,Yes,0,No,155653036.0,24.0,1.0,Graduate,4839325,828507,Semiurban,N
LP001460,Male,No,2,No,110428141.0,120.0,1.0,Graduate,6942420,0,Semiurban,N
LP001461,Male,No,2,No,260014403.0,120.0,1.0,Not Graduate,4729283,0,Semiurban,N
LP001462,Male,Yes,1,No,144805448.0,12.0,1.0,Graduate,2102342,2180086,Rural,N
LP001463,Male,No,2,No,476982704.0,180.0,1.0,Graduate,8480455,953195,Urban,N
LP001464,Male,Yes,0,No,43953136.0,24.0,1.0,Graduate,2286452,0,Rural,N
LP001465,Male,Yes,0,No,84540379.0,12.0,1.0,Graduate,6904568,0,Semiurban,Y
LP001466,Male,Yes,1,No,108484936.0,12.0,1.0,Graduate,3329860,533764,Rural,Y
LP001467,Male,Yes,,Yes,301354785.0,120.0,1.0,Not Graduate,4203159,0,Urban,N
LP001468,Male,Yes,0,No,105902309.0,120.0,1.0,Graduate,1130835,1271521,Urban,N
LP001469,Male,No,0,No,420073145.0,360.0,1.0,Graduate,1907104,2901412,Semiurban,N
LP001470,Male,Yes,0,No,158239888.0,180.0,1.0,Not Graduate,10241104,226890,Semiurban,Y
LP001471,Male,Yes,0,No,158942816.0,36.0,1.0,Not Graduate,3907329,2257439,Semiurban,N
LP001472,Male,Yes,1,No,163295251.0,120.0,1.0,Graduate,4226951,3283227,Semiurban,N
LP001473,Female,Yes,0,No,42046483.0,360.0,1.0,Graduate,1598137,6067535,Urban,Y
LP001474,Male,Yes,0,,276178318.0,360.0,1.0,Not Graduate,6248334,3225526,Rural,N
LP001475,Male,No,2,No,123402013.0,360.0,1.0,Not Graduate,1153459,2503184,Semiurban,N
LP001476,Male,No,2,,155218678.0,180.0,1.0,Graduate,6845052,1210072,Rural,N
LP001477,Female,Yes,0,No,319396231.0,120.0,1.0,Not Graduate,1526098,1580132,Urban,N
LP001478,Male,Yes,0,No,295842732.0,60.0,1.0,Graduate,3535889,2409421,Urban,N
LP001479,Female,Yes,0,No,121903104.0,180.0,1.0,Not Graduate,9343560,1463310,Rural,Y
LP001480,Male,Yes,0,No,248327514.0,60.0,0.0,Graduate,5708059,0,Semiurban,Y
LP001481,Male,Yes,1,No,373827294.0,120.0,1.0,Graduate,5245656,1235790,Rural,N
LP001482,Male,No,2,No,185483530.0,12.0,1.0,Graduate,2068016,1876044,Urban,N
LP001483,Male,Yes,0,No,144348964.0,60.0,1.0,Graduate,5269823,513124,Semiurban,N
LP001484,Male,Yes,0,No,218292751.0,360.0,1.0,Graduate,2844632,1423506,Rural,N
LP001485,Male,Yes,2,No,197222569.0,360.0,,Graduate,1812446,964312,Urban,N
LP001486,Male,No,2,Yes,121557369.0,36.0,1.0,Not Graduate,6284384,4213445,Semiurban,Y
LP001487,Male,No,2,No,240093114.0,36.0,1.0,Not Graduate,5008928,1227284,Urban,N
LP001488,Male,No,0,Yes,231574840.0,24.0,1.0,Graduate,12160092,5738755,Urban,Y
LP001489,Male,Yes,0,No,356806477.0,180.0,1.0,Graduate,8940871,5116530,Semiurban,N
LP001490,Female,No,0,No,66040666.0,60.0,0.0,Graduate,7288555,260991,Urban,N
LP001491,Male,No,0,No,132584384.0,360.0,1.0,Graduate,11952599,0,Semiurban,Y
LP001492,Female,No,0,No,36814351.0,36.0,,Graduate,4779867,0,Semiurban,Y
LP001493,Male,Yes,,,327287700.0,12.0,,Graduate,4679683,1195338,Rural,N
LP001494,Male,Yes,0,No,172881880.0,24.0,1.0,Not Graduate,3192076,0,Rural,N
LP001495,Male,Yes,0,No,105801993.0,60.0,1.0,Graduate,3456398,3445423,Rural,Y
LP001496,Male,Yes,1,No,219943753.0,360.0,1.0,Graduate,4088883,2381988,Rural,N
LP001497,Male,Yes,3+,No,145607964.0,180.0,0.0,Graduate,4391371,0,Urban,N
LP001498,Male,No,3+,No,135634338.0,60.0,1.0,Graduate,7767570,1156334,Rural,N
LP001499,Male,No,0,No,240898735.0,36.0,1.0,Graduate,2995653,3682306,Semiurban,N
LP001500,Male,Yes,0,Yes,,24.0,1.0,Not Graduate,4569245,0,Rural,Y
LP001501,Male,No,3+,No,446002904.0,36.0,0.0,Graduate,9093442,263750,Rural,N
LP001502,Male,No,0,No,231831982.0,24.0,1.0,Graduate,6391465,4304136,Urban,N
LP001503,Male,No,1,Yes,110497965.0,120.0,1.0,Graduate,15601576,717956,Urban,Y
LP001504,Male,Yes,,Yes,221805901.0,180.0,1.0,Graduate,3646264,0,Semiurban,N
LP001505,Male,No,0,No,51942894.0,180.0,1.0,Not Graduate,2020560,1619152,Semiurban,Y
LP001506,Male,Yes,0,No,90934320.0,60.0,1.0,Graduate,2695331,0,Rural,N
LP001507,Male,,0,No,181019358.0,24.0,1.0,Graduate,8264898,0,Semiurban,N
LP001508,Male,Yes,2,No,93383784.0,36.0,0.0,Not Graduate,6310246,3701755,Semiurban,N
LP001509,Male,Yes,0,No,59295753.0,24.0,1.0,Graduate,8133596,1692156,Rural,Y
LP001510,Male,Yes,2,No,447508664.0,,1.0,Not Graduate,3710777,1075470,Rural,Y
LP001511,Female,Yes,0,No,123396377.0,60.0,1.0,Graduate,1168636,2868791,Urban,N
LP001512,Male,No,0,Yes,155190974.0,12.0,0.0,Graduate,11488256,0,Urban,N
LP001513,Male,Yes,0,No,175432638.0,60.0,1.0,Graduate,9944985,0,Urban,Y
LP001514,Male,Yes,2,No,81046264.0,360.0,1.0,Graduate,6137950,0,Semiurban,Y
LP001515,Male,Yes,0,No,48122589.0,120.0,0.0,Not Graduate,2478366,974537,Semiurban,N
LP001516,Male,No,,No,125441593.0,180.0,1.0,Graduate,6564340,4380034,Rural,Y
LP001517,Male,No,0,No,174334664.0,180.0,1.0,Graduate,741213,2775986,Semiurban,N
LP001518,Male,No,1,No,223277915.0,36.0,0.0,Not Graduate,3469954,6019352,Urban,N
LP001519,Male,No,0,No,208232881.0,180.0,1.0,Graduate,8389924,739858,Semiurban,N
LP001520,Male,Yes,0,No,265119525.0,12.0,1.0,Graduate,1881096,1457161,Rural,N
LP001521,Male,Yes,0,No,139645840.0,180.0,1.0,Graduate,1871086,1806206,Semiurban,N
LP001522,Female,Yes,2,No,109118964.0,360.0,1.0,Graduate,1221736,2137330,Rural,N
LP001523,Male,Yes,1,No,60220663.0,180.0,1.0,Graduate,4627324,0,Semiurban,Y
LP001524,Male,Yes,0,,230156438.0,180.0,1.0,Graduate,7645755,8467158,Urban,N
LP001525,Male,Yes,0,Yes,157081549.0,,1.0,Graduate,2883686,400427,Semiurban,N
LP001526,Male,No,0,No,108307350.0,36.0,1.0,Graduate,3018939,1369225,Urban,N
LP001527,Female,Yes,3+,No,395419052.0,180.0,1.0,Graduate,1460246,160935,Semiurban,N
LP001528,Female,No,3+,No,78568934.0,36.0,,Graduate,4176409,874716,Semiurban,N
LP001529,Female,Yes,3+,Yes,80729902.0,36.0,1.0,Graduate,10277132,0,Urban,Y
LP001530,Male,No,0,No,83190886.0,120.0,1.0,Graduate,4956622,0,Semiurban,Y
LP001531,Male,Yes,3+,No,119527847.0,60.0,1.0,Graduate,2863866,3628973,Semiurban,N
LP001532,Male,Yes,2,No,188466846.0,12.0,1.0,Graduate,3288748,0,Semiurban,N
LP001533,Male,Yes,3+,No,160349556.0,24.0,1.0,Not Graduate,3965517,6916186,Semiurban,Y
LP001534,Male,No,2,Yes,166544332.0,120.0,0.0,Graduate,2497472,5138156,Urban,N
LP001535,Female,Yes,0,No,256790377.0,36.0,1.0,Graduate,2191492,0,Semiurban,N
LP001536,Female,No,1,No,107572605.0,12.0,1.0,Graduate,2794927,0,Urban,N
LP001537,Male,No,3+,No,93221752.0,60.0,1.0,Graduate,5354894,0,Semiurban,N
LP001538,Male,Yes,0,,233113049.0,12.0,0.0,Graduate,8664296,2536395,Rural,N
LP001539,Male,No,1,Yes,515474743.0,180.0,1.0,Graduate,2017710,0,Semiurban,N
LP001540,Male,No,1,No,207454929.0,120.0,1.0,Graduate,10586309,5150961,Semiurban,Y
LP001541,Male,Yes,0,No,152185540.0,12.0,0.0,Graduate,1360758,987474,Rural,N
LP001542,Male,No,0,,25005907.0,12.0,1.0,Not Graduate,3324545,0,Rural,N
LP001543,Female,No,1,No,,180.0,1.0,Graduate,1077040,1642306,Rural,N
LP001544,Male,No,0,No,256853786.0,60.0,1.0,Graduate,5468660,0,Urban,N
LP001545,Male,Yes,3+,No,196947544.0,180.0,1.0,Graduate,1991548,929093,Rural,N
LP001546,Male,Yes,3+,No,218149316.0,180.0,1.0,Graduate,3976795,5189383,Urban,Y
LP001547,Male,No,2,No,45873975.0,180.0,1.0,Not Graduate,1775948,0,Urban,N
LP001548,Male,No,1,No,76220559.0,360.0,1.0,Graduate,2196066,0,Semiurban,N
LP001549,Male,No,0,No,72223687.0,180.0,1.0,Graduate,2305231,1013433,Semiurban,N
LP001550,Male,Yes,0,Yes,225873769.0,360.0,1.0,Graduate,8541544,1994129,Semiurban,N
LP001551,Male,No,3+,No,97177282.0,60.0,1.0,Not Graduate,3428747,6114152,Urban,Y
LP001552,Female,No,2,No,288680573.0,12.0,1.0,Graduate,1233077,1422081,Rural,N
LP001553,Male,Yes,0,No,106262943.0,24.0,1.0,Not Graduate,3430424,923060,Semiurban,Y
LP001554,Male,Yes,0,No,218980787.0,12.0,1.0,Graduate,6077539,0,Semiurban,N
LP001555,Male,Yes,2,No,80730652.0,180.0,1.0,Graduate,3037016,140562,Urban,N
LP001556,Male,Yes,2,Yes,73763282.0,24.0,1.0,Graduate,6959621,0,Semiurban,Y
LP001557,Male,No,3+,No,119009839.0,12.0,1.0,Not Graduate,1391103,827309,Semiurban,N
LP001558,Male,Yes,1,Yes,140529818.0,12.0,1.0,Graduate,1031716,2111644,Semiurban,N
LP001559,Male,Yes,1,No,93080784.0,60.0,1.0,Not Graduate,1127067,0,Rural,N
LP001560,Male,Yes,,No,236462531.0,36.0,0.0,Graduate,3415584,0,Semiurban,N
LP001561,Male,No,0,No,226164115.0,24.0,,Graduate,6738575,0,Semiurban,N
LP001562,Male,Yes,2,No,172169355.0,120.0,1.0,Graduate,11878145,232155,Semiurban,N
LP001563,Female,Yes,0,No,118523705.0,60.0,1.0,Graduate,4857702,0,Semiurban,N
LP001564,Male,Yes,0,No,306355870.0,60.0,1.0,Graduate,21061483,1233722,Urban,Y
LP001565,Female,Yes,0,No,334727018.0,24.0,1.0,Graduate,1842642,3236419,Rural,N
LP001566,Male,Yes,0,No,245296359.0,120.0,1.0,Graduate,8976947,0,Semiurban,N
LP001567,Male,Yes,0,No,132955652.0,36.0,1.0,Graduate,7875241,2128440,Urban,Y
LP001568,Male,No,0,No,133379813.0,12.0,1.0,Graduate,9229830,323596,Semiurban,Y
LP001569,Male,Yes,2,No,226424824.0,60.0,0.0,Not Graduate,14544372,2409414,Semiurban,N
LP001570,Male,Yes,1,No,169607236.0,12.0,0.0,Graduate,902225,2858034,Rural,N
LP001571,Female,Yes,0,Yes,267368911.0,36.0,1.0,Graduate,4266273,240359,Rural,N
LP001572,Male,Yes,1,No,321616566.0,24.0,0.0,Graduate,11625111,4472228,Urban,N
LP001573,Male,Yes,1,No,104457816.0,24.0,1.0,Graduate,4851933,1117733,Semiurban,N
LP001574,Male,No,0,No,184193629.0,12.0,0.0,Graduate,5156473,0,Urban,N
LP001575,Male,Yes,,No,306915059.0,360.0,1.0,Not Graduate,5967357,1150658,Semiurban,N
LP001576,Male,Yes,0,No,158091970.0,120.0,1.0,Graduate,4582438,0,Urban,N
LP001577,Male,Yes,0,No,121905171.0,120.0,1.0,Graduate,6639517,1458886,Urban,Y
LP001578,Male,Yes,0,No,330553920.0,12.0,,Graduate,6023865,0,Rural,N
LP001579,Male,No,0,Yes,314703300.0,,1.0,Graduate,2363067,0,Semiurban,N
LP001580,Male,Yes,2,No,455498043.0,24.0,1.0,Graduate,4940564,390584,Semiurban,N
LP001581,Male,Yes,0,No,91218305.0,120.0,,Graduate,4478342,5587189,Semiurban,N
LP001582,Male,No,1,No,,36.0,,Graduate,2021372,1731142,Rural,N
LP001583,Male,Yes,1,Yes,251316492.0,180.0,1.0,Not Graduate,1617600,477913,Urban,N
LP001584,Male,No,0,,221494965.0,360.0,1.0,Graduate,8042808,2765984,Semiurban,N
LP001585,Male,Yes,0,No,143807803.0,12.0,1.0,Not Graduate,859853,3031174,Semiurban,N
LP001586,Male,Yes,2,No,87152308.0,120.0,1.0,Graduate,2445892,3826933,Semiurban,Y
LP001587,Male,Yes,0,Yes,206613977.0,180.0,1.0,Graduate,9205081,0,Rural,N
LP001588,Male,Yes,1,,186824904.0,60.0,1.0,Graduate,2813929,4925656,Urban,N
LP001589,Male,No,0,No,53345981.0,12.0,1.0,Graduate,7105894,0,Urban,Y
LP001590,Female,No,2,No,206645697.0,360.0,1.0,Not Graduate,974788,0,Urban,N
LP001591,Male,No,0,Yes,174130145.0,24.0,1.0,Not Graduate,6504255,3735557,Urban,N
LP001592,Male,Yes,0,Yes,326100339.0,12.0,1.0,Graduate,1283657,89213,Urban,N
LP001593,Male,No,2,No,258264714.0,120.0,1.0,Graduate,2261509,0,Semiurban,N
LP001594,Female,No,3+,No,265426290.0,120.0,,Graduate,1919669,2049256,Semiurban,N
LP001595,Male,No,1,No,471496965.0,60.0,1.0,Graduate,4656528,1616217,Rural,Y
LP001596,Male,Yes,2,No,184719941.0,12.0,1.0,Graduate,3309010,798280,Rural,N
LP001597,Female,No,0,No,322477391.0,60.0,1.0,Graduate,610392,0,Urban,N
LP001598,Male,No,3+,No,105948736.0,24.0,1.0,Graduate,2897766,3444599,Urban,N
LP001599,Female,Yes,0,Yes,315627463.0,36.0,1.0,Not Graduate,10157638,0,Semiurban,N
LP001600,Male,No,,No,133019036.0,24.0,1.0,Graduate,6010612,0,Urban,N
LP001601,Male,No,0,No,276731957.0,360.0,1.0,Graduate,3251799,4107001,Semiurban,N
LP001602,Male,No,0,Yes,635505273.0,180.0,1.0,Graduate,6217486,1650298,Urban,N
LP001603,Male,Yes,0,No,98373121.0,120.0,1.0,Graduate,702492,3944863,Rural,N
LP001604,Male,Yes,1,No,161232915.0,12.0,1.0,Graduate,3563152,0,Urban,N
LP001605,Female,Yes,0,No,52049840.0,12.0,1.0,Not Graduate,2236203,936696,Semiurban,N
LP001606,Female,Yes,3+,Yes,56427286.0,60.0,,Graduate,3470098,0,Rural,N
LP001607,Male,Yes,0,No,275830908.0,24.0,1.0,Graduate,3929458,1058333,Urban,N
LP001608,Male,Yes,0,No,244853074.0,24.0,1.0,Graduate,3244351,0,Semiurban,N
LP001609,Male,Yes,0,No,255706700.0,12.0,0.0,Graduate,2376242,3328384,Urban,N
LP001610,Male,Yes,0,No,152727883.0,60.0,1.0,Graduate,2396063,3044489,Semiurban,N
LP001611,Male,Yes,1,No,115117047.0,180.0,1.0,Graduate,7549548,0,Urban,Y
LP001612,Male,Yes,0,No,69531877.0,24.0,1.0,Graduate,7227245,2717547,Semiurban,Y
LP001613,Female,Yes,0,Yes,170927329.0,180.0,1.0,Graduate,4602918,0,Semiurban,N
